DELETE FROM soft;
INSERT INTO soft(id,sname,ver,quant) VALUES
(1, 'Applied', 8, 10),
(2, 'Applied', 9, 10),
(3, 'Systemic', 10, 15),
(4, 'Systemic', 11, 10),
(5, 'Instrumental', 12, 15);

DELETE FROM employees;
INSERT INTO employees(id,lname,fname,mname) VALUES
(1, 'Kristina', 'Ivanova', 'Ivanovna'),
(2, 'Ivan', 'Ivanov', 'Ivanovich'),
(3, 'Petr', 'Smirnov', 'Dmitrievich'),
(4, 'Ekaterina', 'Petrova', 'Petrovna'),
(5, 'Arina', 'Mateshina', 'Sergeevna'),
(6, 'Anna', 'Karpova', 'Igorevna'),
(7, 'Dima', 'Petrov', 'Igorevich'),
(8, 'Kirill', 'Bobkov', 'Semenovich'),
(9, 'Sasha', 'Ivanova', 'Ivanovna'),
(10, 'Svetlana', 'Steba', 'Petrovna');

DELETE FROM rooms;
INSERT INTO rooms (id,num,emp_id) VALUES
(1, '101', 1 ),
(2, '102', 1 ),
(3, '103', 1 ),
(4, '104', 1 ),
(5, '105', 1 ),
(6, '201', 2 ),
(7, '202', 2 ),
(8, '203', 2 ),
(9, '204', 2 ),
(10, '205', 2 ),
(11, '301', 3 ),
(12, '302', 3 ),
(13, '303', 3 ),
(14, '304', 3 ),
(15, '305', 3 );

DELETE FROM pcs;
INSERT INTO pcs (id,room_id,note,ip_addr,mac_addr) VALUES
(1,1, '', '160.200.15.5', 'Q1-W1-E1-R1-T1-11'),
(2,2, '', '161.201.15.6', 'Q2-W2-E2-R2-T2-12'),
(3,3, '', '162.202.15.7', 'Q3-W3-E3-R3-T3-13'),
(4,4, '', '163.203.15.8', 'Q4-W4-E4-R4-T4-14'),
(5,5, '', '164.204.15.9', 'Q5-W5-E5-R5-T5-15'),
(6,6, '', '165.205.15.1', 'Q6-W6-E6-R6-T6-16'),
(7,7, '', '166.206.15.1', 'Q7-W7-E7-R7-T7-17'),
(8,8, '', '167.207.15.1', 'Q8-W8-E8-R8-T8-18'),
(9,9, '', '168.208.15.1', 'Q9-W9-E9-R9-T9-19'),
(10,10, '', '169.209.15.1', 'A1-S1-D1-F1-G2-21'),
(11,11, '', '170.210.16.1', 'A2-S2-D2-F2-G2-22'),
(12,12, '', '171.211.16.1', 'A3-S3-D3-F3-G3-23'),
(13,13, '', '172.212.16.1', 'A4-S4-D4-F4-G4-24'),
(14,14, '', '173.213.16.1', 'A5-S5-D5-F5-G5-25'),
(15,15, '', '174.214.16.1', 'A6-S6-D6-F6-G6-26'),
(16,1, '', '175.215.16.2', 'A7-S7-D7-F7-G7-27'),
(17,2, '', '176.216.16.2', 'A8-S8-D8-F8-G8-28'),
(18,3, '', '177.217.16.2', 'A9-S9-D9-F9-G9-29'),
(19,4, '', '178.218.16.2', 'Z1-X1-C1-V1-B1-31'),
(20,5, '', '179.219.16.2', 'Z2-X2-C2-V2-B2-32'),
(21,6, '', '180.220.17.2', 'Z3-X3-C3-V3-B3-33'),
(22,7, '', '181.221.17.2', 'Z4-X4-C4-V4-B4-34'),
(23,8, '', '182.222.17.2', 'Z5-X5-C5-V5-B5-35'),
(24,9, '', '183.223.17.2', 'Z6-X6-C6-V6-B6-36'),
(25,10, '', '184.224.17.2', 'Z7-X7-C7-V7-B7-37'),
(26,11, '', '185.225.17.3', 'Z8-X8-C8-V8-B8-38'),
(27,12, '', '186.226.17.3', 'Z9-X9-C9-V9-B9-39'),
(28,13, '', '187.227.17.3', 'Y1-U1-I1-O1-P1-41'),
(29,14, '', '188.229.17.3', 'Y2-U2-I2-O2-P2-42'),
(30,15, '', '189.230.17.3', 'Y3-U3-I3-03-P3-43');
DELETE FROM installs;
INSERT INTO installs (pc_id, soft_id) VALUES
(1, 1),
(2, 2),
(3, 3),
(4, 4),
(5, 5),
(6, 1),
(7, 2),
(8, 3),
(9, 4),
(10, 5),
(11, 1),
(12, 2),
(13, 3),
(14, 4),
(15, 5),
(16, 1),
(17, 2),
(18, 3),
(19, 4),
(20, 5),
(21, 1),
(22, 2),
(23, 3),
(24, 4),
(25, 5),
(26, 1),
(27, 2),
(28, 3),
(29, 4),
(30, 5),
(1, 1),
(2, 2),
(3, 3),
(4, 4),
(5, 5),
(6, 1),
(7, 2),
(8, 3),
(9, 4),
(10, 5),
(11, 1),
(12, 2),
(13, 3),
(14, 4),
(15, 5),
(16, 1),
(17, 2),
(18, 3),
(19, 4),
(20, 5),
(21, 1),
(22, 2),
(23, 3),
(24, 4),
(25, 5),
(26, 1),
(27, 2),
(28, 3),
(29, 4),
(30, 5);
